1,". Ø§Ù„Ø³Ù‘ÙÙ„Ø§ÙÙ…Ù Ø¹ÙÙ„ÙÙŠÙ’ÙƒÙÙ…Ù’ ÙˆÙØ±ÙØ­Ù’Ù…ÙØ©Ù Ø§Ù„Ù„Ù‡Ù ÙˆÙØ¨ÙØ±ÙÙƒÙØ§ØªÙÙ‡Ù

FUN FACT SHOP, Berbelanja bisa meningkatkan hormon endorfin, yaitu hormon hormon bahagia yang efeknya sama dengan ketika kamu tertawa.

Yuk Belanja HEMAT tanpa SYARAT ğŸ˜˜

Warna tersedia :
-Ungu
-Maroon
-Pink

RINCIAN PRODUK:
Bahan  Moscrepe mix Brukat
Ukuran  all size fit to L
LD 100 - 102 cm
PB 135-137 cm
Toleransi Ukuran 2cm

*PENTING :
-Pastikan alamat yang di tulis ketika checkout diisi dengan sangan LENGKAP guna menghindari kendala pengiriman oleh kurir (Sertakan patokan bila perlu)
-Pastikan nomor HP yang diisi dalam alamat ketika checkout mudah dihubungi (Tlp. & Sms) / (Sertakan 2 Nomor Hp bila perlu)

Kenapa harus belanja di Toko B.O.M baju Online murah1 ?
ğŸ’ Pengiriman CEPAT (hari H sampai H+2)
ğŸ’ Harga MURAH tapi ENGGAK murahan
ğŸ’ Kualitas bahan dijamin BAGUS
ğŸ’ Jahitan konveksi RAPI
ğŸ’ Stock AMAN jadi cocok banget buat RESELLER dan DROPSHIPER aktif
ğŸ’ Terima Reseller & Dropshiper Tanpa Syarat Apapun "" Berilah ğŸŒŸğŸŒŸğŸŒŸğŸŒŸğŸŒŸ atas pelayanan terbaik kami ""

Gambar hanya Sebagai referensi kemiripan gambar dengan aslinya hanya 85-90% (perbedaan bisa di sebabkan karena pemakaian bahan ,warna ,ukuran,model,dan lainnya,harap maklum kalo ada ketidaksesuaian)

JANGAN SAMPAI KEHABISAN WARNA FAVORIT KAMU YA Dan Jangan lupa sertakan warna pada keterangan saat memesan ya ğŸ˜Š
"
